SET DEFINE OFF;
Insert into MITKC_QUESTIONNAIRE (QUESTIONNAIRE_ID,QUESTIONNAIRE,DESCRIPTION,UPDATE_TIMESTAMP,UPDATE_USER) 
values (1003,'Exempt Questionnaire',null,sysdate,'admin');

commit;


Insert into MITKC_QUESTIONNAIRE_QUESTION (QUESTION_ID,QUESTIONNAIRE_ID,SORT_ORDER,QUESTION,DESCRIPTION,HELP_LINK,ANSWER_TYPE,ANSWER_LENGTH,NO_OF_ANSWERS,LOOKUP_TYPE,LOOKUP_NAME,LOOKUP_FIELD,GROUP_NAME,HAS_CONDITION,UPDATE_TIMESTAMP,UPDATE_USER) values (112,1003,1,'Does your study involve research?','Poda KP....',null,'Radio',null,1,null,null,null,'G0','Y',sysdate,'Admin');
Insert into MITKC_QUESTIONNAIRE_QUESTION (QUESTION_ID,QUESTIONNAIRE_ID,SORT_ORDER,QUESTION,DESCRIPTION,HELP_LINK,ANSWER_TYPE,ANSWER_LENGTH,NO_OF_ANSWERS,LOOKUP_TYPE,LOOKUP_NAME,LOOKUP_FIELD,GROUP_NAME,HAS_CONDITION,UPDATE_TIMESTAMP,UPDATE_USER) values (113,1003,2,'Does your research involve the use of human subject(s)?',null,null,'Radio',null,1,null,null,null,'G1','Y',sysdate,'Admin');
Insert into MITKC_QUESTIONNAIRE_QUESTION (QUESTION_ID,QUESTIONNAIRE_ID,SORT_ORDER,QUESTION,DESCRIPTION,HELP_LINK,ANSWER_TYPE,ANSWER_LENGTH,NO_OF_ANSWERS,LOOKUP_TYPE,LOOKUP_NAME,LOOKUP_FIELD,GROUP_NAME,HAS_CONDITION,UPDATE_TIMESTAMP,UPDATE_USER) values (114,1003,3,'Does your research include prisoners as subjects?',null,null,'Radio',null,1,null,null,null,'G2','Y',sysdate,'Admin');
Insert into MITKC_QUESTIONNAIRE_QUESTION (QUESTION_ID,QUESTIONNAIRE_ID,SORT_ORDER,QUESTION,DESCRIPTION,HELP_LINK,ANSWER_TYPE,ANSWER_LENGTH,NO_OF_ANSWERS,LOOKUP_TYPE,LOOKUP_NAME,LOOKUP_FIELD,GROUP_NAME,HAS_CONDITION,UPDATE_TIMESTAMP,UPDATE_USER) values (115,1003,4,'Is the inclusion of prisoners in your population group incidental?',null,null,'Radio',null,1,null,null,null,'G3','Y',sysdate,'Admin');
Insert into MITKC_QUESTIONNAIRE_QUESTION (QUESTION_ID,QUESTIONNAIRE_ID,SORT_ORDER,QUESTION,DESCRIPTION,HELP_LINK,ANSWER_TYPE,ANSWER_LENGTH,NO_OF_ANSWERS,LOOKUP_TYPE,LOOKUP_NAME,LOOKUP_FIELD,GROUP_NAME,HAS_CONDITION,UPDATE_TIMESTAMP,UPDATE_USER) values (116,1003,5,'Is your study conducted in a traditional educational setting (classroom, seminar, lecture, afterschool program, etc.) that involves normal educational practices and will not likely adversely impact students opportunity to learn?',null,null,'Radio',null,1,null,null,null,'G4','Y',sysdate,'Admin');
Insert into MITKC_QUESTIONNAIRE_QUESTION (QUESTION_ID,QUESTIONNAIRE_ID,SORT_ORDER,QUESTION,DESCRIPTION,HELP_LINK,ANSWER_TYPE,ANSWER_LENGTH,NO_OF_ANSWERS,LOOKUP_TYPE,LOOKUP_NAME,LOOKUP_FIELD,GROUP_NAME,HAS_CONDITION,UPDATE_TIMESTAMP,UPDATE_USER) values (117,1003,6,'Does your survey involve the use of educational tests, surveys or interviews, or observation of public behavior?',null,null,'Radio',null,1,null,null,null,'G5','Y',sysdate,'Admin');
Insert into MITKC_QUESTIONNAIRE_QUESTION (QUESTION_ID,QUESTIONNAIRE_ID,SORT_ORDER,QUESTION,DESCRIPTION,HELP_LINK,ANSWER_TYPE,ANSWER_LENGTH,NO_OF_ANSWERS,LOOKUP_TYPE,LOOKUP_NAME,LOOKUP_FIELD,GROUP_NAME,HAS_CONDITION,UPDATE_TIMESTAMP,UPDATE_USER) values (118,1003,7,'Does your study involve children?',null,null,'Radio',null,1,null,null,null,'G6','Y',sysdate,'Admin');
Insert into MITKC_QUESTIONNAIRE_QUESTION (QUESTION_ID,QUESTIONNAIRE_ID,SORT_ORDER,QUESTION,DESCRIPTION,HELP_LINK,ANSWER_TYPE,ANSWER_LENGTH,NO_OF_ANSWERS,LOOKUP_TYPE,LOOKUP_NAME,LOOKUP_FIELD,GROUP_NAME,HAS_CONDITION,UPDATE_TIMESTAMP,UPDATE_USER) values (119,1003,8,'Is the data un-identifiable?',null,null,'Radio',null,1,null,null,null,'G9','Y',sysdate,'Admin');
Insert into MITKC_QUESTIONNAIRE_QUESTION (QUESTION_ID,QUESTIONNAIRE_ID,SORT_ORDER,QUESTION,DESCRIPTION,HELP_LINK,ANSWER_TYPE,ANSWER_LENGTH,NO_OF_ANSWERS,LOOKUP_TYPE,LOOKUP_NAME,LOOKUP_FIELD,GROUP_NAME,HAS_CONDITION,UPDATE_TIMESTAMP,UPDATE_USER) values (120,1003,9,'Does disclosure of this data introduce risk or harm to the participant?',null,null,'Radio',null,1,null,null,null,'G10',null,sysdate,'Admin');
Insert into MITKC_QUESTIONNAIRE_QUESTION (QUESTION_ID,QUESTIONNAIRE_ID,SORT_ORDER,QUESTION,DESCRIPTION,HELP_LINK,ANSWER_TYPE,ANSWER_LENGTH,NO_OF_ANSWERS,LOOKUP_TYPE,LOOKUP_NAME,LOOKUP_FIELD,GROUP_NAME,HAS_CONDITION,UPDATE_TIMESTAMP,UPDATE_USER) values (121,1003,10,'Does your study involve educational testing which is publically observable with no intervention?',null,null,'Radio',null,1,null,null,null,'G8','Y',sysdate,'Admin');
Insert into MITKC_QUESTIONNAIRE_QUESTION (QUESTION_ID,QUESTIONNAIRE_ID,SORT_ORDER,QUESTION,DESCRIPTION,HELP_LINK,ANSWER_TYPE,ANSWER_LENGTH,NO_OF_ANSWERS,LOOKUP_TYPE,LOOKUP_NAME,LOOKUP_FIELD,GROUP_NAME,HAS_CONDITION,UPDATE_TIMESTAMP,UPDATE_USER) values (122,1003,11,'Is the data un-identifiable?',null,null,'Radio',null,1,null,null,null,'G11','Y',sysdate,'Admin');
Insert into MITKC_QUESTIONNAIRE_QUESTION (QUESTION_ID,QUESTIONNAIRE_ID,SORT_ORDER,QUESTION,DESCRIPTION,HELP_LINK,ANSWER_TYPE,ANSWER_LENGTH,NO_OF_ANSWERS,LOOKUP_TYPE,LOOKUP_NAME,LOOKUP_FIELD,GROUP_NAME,HAS_CONDITION,UPDATE_TIMESTAMP,UPDATE_USER) values (123,1003,12,'Does disclosure of this data introduce risk or harm to the participant?',null,null,'Radio',null,1,null,null,null,'G12',null,sysdate,'Admin');
Insert into MITKC_QUESTIONNAIRE_QUESTION (QUESTION_ID,QUESTIONNAIRE_ID,SORT_ORDER,QUESTION,DESCRIPTION,HELP_LINK,ANSWER_TYPE,ANSWER_LENGTH,NO_OF_ANSWERS,LOOKUP_TYPE,LOOKUP_NAME,LOOKUP_FIELD,GROUP_NAME,HAS_CONDITION,UPDATE_TIMESTAMP,UPDATE_USER) values (124,1003,13,'Does your study include a benign intervention that is done along with data collection via verbal or written responses or audiovisual recording?
For example: Benign behavioral interventions include having the subjects play an online game, solve puzzles under various noise conditions, or decide how to allocate a nominal amount of received cash between themselves and someone else.',null,null,'Radio',null,1,null,null,null,'G7','Y',sysdate,'Admin');
Insert into MITKC_QUESTIONNAIRE_QUESTION (QUESTION_ID,QUESTIONNAIRE_ID,SORT_ORDER,QUESTION,DESCRIPTION,HELP_LINK,ANSWER_TYPE,ANSWER_LENGTH,NO_OF_ANSWERS,LOOKUP_TYPE,LOOKUP_NAME,LOOKUP_FIELD,GROUP_NAME,HAS_CONDITION,UPDATE_TIMESTAMP,UPDATE_USER) values (125,1003,14,'
Does your study strictly include adults (18 YEARS+) as your study population?
',null,null,'Radio',null,1,null,null,null,'G13','Y',sysdate,'Admin');
Insert into MITKC_QUESTIONNAIRE_QUESTION (QUESTION_ID,QUESTIONNAIRE_ID,SORT_ORDER,QUESTION,DESCRIPTION,HELP_LINK,ANSWER_TYPE,ANSWER_LENGTH,NO_OF_ANSWERS,LOOKUP_TYPE,LOOKUP_NAME,LOOKUP_FIELD,GROUP_NAME,HAS_CONDITION,UPDATE_TIMESTAMP,UPDATE_USER) values (126,1003,15,'Does your study involve deception?',null,null,'Radio',null,1,null,null,null,'G15','Y',sysdate,'Admin');
Insert into MITKC_QUESTIONNAIRE_QUESTION (QUESTION_ID,QUESTIONNAIRE_ID,SORT_ORDER,QUESTION,DESCRIPTION,HELP_LINK,ANSWER_TYPE,ANSWER_LENGTH,NO_OF_ANSWERS,LOOKUP_TYPE,LOOKUP_NAME,LOOKUP_FIELD,GROUP_NAME,HAS_CONDITION,UPDATE_TIMESTAMP,UPDATE_USER) values (127,1003,16,'Is the data un-identifiable?',null,null,'Radio',null,1,null,null,null,'G17','Y',sysdate,'Admin');
Insert into MITKC_QUESTIONNAIRE_QUESTION (QUESTION_ID,QUESTIONNAIRE_ID,SORT_ORDER,QUESTION,DESCRIPTION,HELP_LINK,ANSWER_TYPE,ANSWER_LENGTH,NO_OF_ANSWERS,LOOKUP_TYPE,LOOKUP_NAME,LOOKUP_FIELD,GROUP_NAME,HAS_CONDITION,UPDATE_TIMESTAMP,UPDATE_USER) values (128,1003,17,'Does disclosure of this data introduce risk or harm to the participant?',null,null,'Radio',null,1,null,null,null,'G18',null,sysdate,'Admin');
Insert into MITKC_QUESTIONNAIRE_QUESTION (QUESTION_ID,QUESTIONNAIRE_ID,SORT_ORDER,QUESTION,DESCRIPTION,HELP_LINK,ANSWER_TYPE,ANSWER_LENGTH,NO_OF_ANSWERS,LOOKUP_TYPE,LOOKUP_NAME,LOOKUP_FIELD,GROUP_NAME,HAS_CONDITION,UPDATE_TIMESTAMP,UPDATE_USER) values (129,1003,18,'Will the subjects be aware that deception is involved in your study?',null,null,'Radio',null,1,null,null,null,'G16','Y',sysdate,'Admin');
Insert into MITKC_QUESTIONNAIRE_QUESTION (QUESTION_ID,QUESTIONNAIRE_ID,SORT_ORDER,QUESTION,DESCRIPTION,HELP_LINK,ANSWER_TYPE,ANSWER_LENGTH,NO_OF_ANSWERS,LOOKUP_TYPE,LOOKUP_NAME,LOOKUP_FIELD,GROUP_NAME,HAS_CONDITION,UPDATE_TIMESTAMP,UPDATE_USER) values (130,1003,19,'Is the data un-identifiable?',null,null,'Radio',null,1,null,null,null,'G19','Y',sysdate,'Admin');
Insert into MITKC_QUESTIONNAIRE_QUESTION (QUESTION_ID,QUESTIONNAIRE_ID,SORT_ORDER,QUESTION,DESCRIPTION,HELP_LINK,ANSWER_TYPE,ANSWER_LENGTH,NO_OF_ANSWERS,LOOKUP_TYPE,LOOKUP_NAME,LOOKUP_FIELD,GROUP_NAME,HAS_CONDITION,UPDATE_TIMESTAMP,UPDATE_USER) values (131,1003,20,'Does disclosure of this data introduce risk or harm to the participant?',null,null,'Radio',null,1,null,null,null,'G20',null,sysdate,'Admin');
Insert into MITKC_QUESTIONNAIRE_QUESTION (QUESTION_ID,QUESTIONNAIRE_ID,SORT_ORDER,QUESTION,DESCRIPTION,HELP_LINK,ANSWER_TYPE,ANSWER_LENGTH,NO_OF_ANSWERS,LOOKUP_TYPE,LOOKUP_NAME,LOOKUP_FIELD,GROUP_NAME,HAS_CONDITION,UPDATE_TIMESTAMP,UPDATE_USER) values (132,1003,21,'Does your study involve the use of biospecimen or private information? This data must exist as of today.',null,null,'Radio',null,1,null,null,null,'G14','Y',sysdate,'Admin');
Insert into MITKC_QUESTIONNAIRE_QUESTION (QUESTION_ID,QUESTIONNAIRE_ID,SORT_ORDER,QUESTION,DESCRIPTION,HELP_LINK,ANSWER_TYPE,ANSWER_LENGTH,NO_OF_ANSWERS,LOOKUP_TYPE,LOOKUP_NAME,LOOKUP_FIELD,GROUP_NAME,HAS_CONDITION,UPDATE_TIMESTAMP,UPDATE_USER) values (133,1003,22,'Are the biospecimen and or pre-existing dataset(s) used for your study publically available?',null,null,'Radio',null,1,null,null,null,'G21','Y',sysdate,'Admin');
Insert into MITKC_QUESTIONNAIRE_QUESTION (QUESTION_ID,QUESTIONNAIRE_ID,SORT_ORDER,QUESTION,DESCRIPTION,HELP_LINK,ANSWER_TYPE,ANSWER_LENGTH,NO_OF_ANSWERS,LOOKUP_TYPE,LOOKUP_NAME,LOOKUP_FIELD,GROUP_NAME,HAS_CONDITION,UPDATE_TIMESTAMP,UPDATE_USER) values (134,1003,23,'Is the data recorded in such a way that the identity of the human subject cannot be readily ascertained directly or through identifiers linked to the subjects and the investigator will not contact or re-identify subjects?',null,null,'Radio',null,1,null,null,null,'G23','Y',sysdate,'Admin');
Insert into MITKC_QUESTIONNAIRE_QUESTION (QUESTION_ID,QUESTIONNAIRE_ID,SORT_ORDER,QUESTION,DESCRIPTION,HELP_LINK,ANSWER_TYPE,ANSWER_LENGTH,NO_OF_ANSWERS,LOOKUP_TYPE,LOOKUP_NAME,LOOKUP_FIELD,GROUP_NAME,HAS_CONDITION,UPDATE_TIMESTAMP,UPDATE_USER) values (135,1003,24,'Is the data collected on behalf of a government agency, or is the research involving the use of this secondary data being conducted by a federal agency? ',null,null,'Radio',null,1,null,null,null,'G24',null,sysdate,'Admin');
Insert into MITKC_QUESTIONNAIRE_QUESTION (QUESTION_ID,QUESTIONNAIRE_ID,SORT_ORDER,QUESTION,DESCRIPTION,HELP_LINK,ANSWER_TYPE,ANSWER_LENGTH,NO_OF_ANSWERS,LOOKUP_TYPE,LOOKUP_NAME,LOOKUP_FIELD,GROUP_NAME,HAS_CONDITION,UPDATE_TIMESTAMP,UPDATE_USER) values (136,1003,25,'Is your study an evaluation of taste, food quality, or consumer acceptance?',null,null,'Radio',null,1,null,null,null,'G22','Y',sysdate,'Admin');
Insert into MITKC_QUESTIONNAIRE_QUESTION (QUESTION_ID,QUESTIONNAIRE_ID,SORT_ORDER,QUESTION,DESCRIPTION,HELP_LINK,ANSWER_TYPE,ANSWER_LENGTH,NO_OF_ANSWERS,LOOKUP_TYPE,LOOKUP_NAME,LOOKUP_FIELD,GROUP_NAME,HAS_CONDITION,UPDATE_TIMESTAMP,UPDATE_USER) values (137,1003,26,'Does the food being evaluated contain any additives?',null,null,'Radio',null,1,null,null,null,'G25','Y',sysdate,'Admin');
Insert into MITKC_QUESTIONNAIRE_QUESTION (QUESTION_ID,QUESTIONNAIRE_ID,SORT_ORDER,QUESTION,DESCRIPTION,HELP_LINK,ANSWER_TYPE,ANSWER_LENGTH,NO_OF_ANSWERS,LOOKUP_TYPE,LOOKUP_NAME,LOOKUP_FIELD,GROUP_NAME,HAS_CONDITION,UPDATE_TIMESTAMP,UPDATE_USER) values (138,1003,27,'Does the food contain additives that are above the level found to be safe by the FDA, EPA, or the Food Safety and Inspection Service of the U.S. Department of Agriculture?',null,null,'Radio',null,1,null,null,null,'G27',null,sysdate,'Admin');
Insert into MITKC_QUESTIONNAIRE_QUESTION (QUESTION_ID,QUESTIONNAIRE_ID,SORT_ORDER,QUESTION,DESCRIPTION,HELP_LINK,ANSWER_TYPE,ANSWER_LENGTH,NO_OF_ANSWERS,LOOKUP_TYPE,LOOKUP_NAME,LOOKUP_FIELD,GROUP_NAME,HAS_CONDITION,UPDATE_TIMESTAMP,UPDATE_USER) values (139,1003,28,'Does your study involve the storage or maintenance of identifiable data or biospecimen for secondary use or research involving broad consent?',null,null,null,null,1,null,null,null,'G26',null,sysdate,'Admin');

commit;


Insert into MITKC_QNR_QUESTION_OPTION (QUESTION_OPTION_ID,QUESTION_ID,OPTION_NUMBER,OPTION_LABEL,REQUIRE_EXPLANATION,EXPLANTION_LABEL,UPDATE_TIMESTAMP,UPDATE_USER) values (225,112,1,'Yes',null,null,sysdate,'admin');
Insert into MITKC_QNR_QUESTION_OPTION (QUESTION_OPTION_ID,QUESTION_ID,OPTION_NUMBER,OPTION_LABEL,REQUIRE_EXPLANATION,EXPLANTION_LABEL,UPDATE_TIMESTAMP,UPDATE_USER) values (226,112,2,'No',null,null,sysdate,'admin');
Insert into MITKC_QNR_QUESTION_OPTION (QUESTION_OPTION_ID,QUESTION_ID,OPTION_NUMBER,OPTION_LABEL,REQUIRE_EXPLANATION,EXPLANTION_LABEL,UPDATE_TIMESTAMP,UPDATE_USER) values (227,113,1,'Yes',null,null,sysdate,'admin');
Insert into MITKC_QNR_QUESTION_OPTION (QUESTION_OPTION_ID,QUESTION_ID,OPTION_NUMBER,OPTION_LABEL,REQUIRE_EXPLANATION,EXPLANTION_LABEL,UPDATE_TIMESTAMP,UPDATE_USER) values (228,113,2,'No',null,null,sysdate,'admin');
Insert into MITKC_QNR_QUESTION_OPTION (QUESTION_OPTION_ID,QUESTION_ID,OPTION_NUMBER,OPTION_LABEL,REQUIRE_EXPLANATION,EXPLANTION_LABEL,UPDATE_TIMESTAMP,UPDATE_USER) values (229,114,1,'Yes',null,null,sysdate,'admin');
Insert into MITKC_QNR_QUESTION_OPTION (QUESTION_OPTION_ID,QUESTION_ID,OPTION_NUMBER,OPTION_LABEL,REQUIRE_EXPLANATION,EXPLANTION_LABEL,UPDATE_TIMESTAMP,UPDATE_USER) values (230,114,2,'No',null,null,sysdate,'admin');
Insert into MITKC_QNR_QUESTION_OPTION (QUESTION_OPTION_ID,QUESTION_ID,OPTION_NUMBER,OPTION_LABEL,REQUIRE_EXPLANATION,EXPLANTION_LABEL,UPDATE_TIMESTAMP,UPDATE_USER) values (231,115,1,'Yes',null,null,sysdate,'admin');
Insert into MITKC_QNR_QUESTION_OPTION (QUESTION_OPTION_ID,QUESTION_ID,OPTION_NUMBER,OPTION_LABEL,REQUIRE_EXPLANATION,EXPLANTION_LABEL,UPDATE_TIMESTAMP,UPDATE_USER) values (232,115,2,'No',null,null,sysdate,'admin');
Insert into MITKC_QNR_QUESTION_OPTION (QUESTION_OPTION_ID,QUESTION_ID,OPTION_NUMBER,OPTION_LABEL,REQUIRE_EXPLANATION,EXPLANTION_LABEL,UPDATE_TIMESTAMP,UPDATE_USER) values (233,116,1,'Yes',null,null,sysdate,'admin');
Insert into MITKC_QNR_QUESTION_OPTION (QUESTION_OPTION_ID,QUESTION_ID,OPTION_NUMBER,OPTION_LABEL,REQUIRE_EXPLANATION,EXPLANTION_LABEL,UPDATE_TIMESTAMP,UPDATE_USER) values (234,116,2,'No',null,null,sysdate,'admin');
Insert into MITKC_QNR_QUESTION_OPTION (QUESTION_OPTION_ID,QUESTION_ID,OPTION_NUMBER,OPTION_LABEL,REQUIRE_EXPLANATION,EXPLANTION_LABEL,UPDATE_TIMESTAMP,UPDATE_USER) values (235,117,1,'Yes',null,null,sysdate,'admin');
Insert into MITKC_QNR_QUESTION_OPTION (QUESTION_OPTION_ID,QUESTION_ID,OPTION_NUMBER,OPTION_LABEL,REQUIRE_EXPLANATION,EXPLANTION_LABEL,UPDATE_TIMESTAMP,UPDATE_USER) values (236,117,2,'No',null,null,sysdate,'admin');
Insert into MITKC_QNR_QUESTION_OPTION (QUESTION_OPTION_ID,QUESTION_ID,OPTION_NUMBER,OPTION_LABEL,REQUIRE_EXPLANATION,EXPLANTION_LABEL,UPDATE_TIMESTAMP,UPDATE_USER) values (237,118,1,'Yes',null,null,sysdate,'admin');
Insert into MITKC_QNR_QUESTION_OPTION (QUESTION_OPTION_ID,QUESTION_ID,OPTION_NUMBER,OPTION_LABEL,REQUIRE_EXPLANATION,EXPLANTION_LABEL,UPDATE_TIMESTAMP,UPDATE_USER) values (238,118,2,'No',null,null,sysdate,'admin');
Insert into MITKC_QNR_QUESTION_OPTION (QUESTION_OPTION_ID,QUESTION_ID,OPTION_NUMBER,OPTION_LABEL,REQUIRE_EXPLANATION,EXPLANTION_LABEL,UPDATE_TIMESTAMP,UPDATE_USER) values (239,119,1,'Yes',null,null,sysdate,'admin');
Insert into MITKC_QNR_QUESTION_OPTION (QUESTION_OPTION_ID,QUESTION_ID,OPTION_NUMBER,OPTION_LABEL,REQUIRE_EXPLANATION,EXPLANTION_LABEL,UPDATE_TIMESTAMP,UPDATE_USER) values (240,119,2,'No',null,null,sysdate,'admin');
Insert into MITKC_QNR_QUESTION_OPTION (QUESTION_OPTION_ID,QUESTION_ID,OPTION_NUMBER,OPTION_LABEL,REQUIRE_EXPLANATION,EXPLANTION_LABEL,UPDATE_TIMESTAMP,UPDATE_USER) values (241,120,1,'Yes',null,null,sysdate,'admin');
Insert into MITKC_QNR_QUESTION_OPTION (QUESTION_OPTION_ID,QUESTION_ID,OPTION_NUMBER,OPTION_LABEL,REQUIRE_EXPLANATION,EXPLANTION_LABEL,UPDATE_TIMESTAMP,UPDATE_USER) values (242,120,2,'No',null,null,sysdate,'admin');
Insert into MITKC_QNR_QUESTION_OPTION (QUESTION_OPTION_ID,QUESTION_ID,OPTION_NUMBER,OPTION_LABEL,REQUIRE_EXPLANATION,EXPLANTION_LABEL,UPDATE_TIMESTAMP,UPDATE_USER) values (243,121,1,'Yes',null,null,sysdate,'admin');
Insert into MITKC_QNR_QUESTION_OPTION (QUESTION_OPTION_ID,QUESTION_ID,OPTION_NUMBER,OPTION_LABEL,REQUIRE_EXPLANATION,EXPLANTION_LABEL,UPDATE_TIMESTAMP,UPDATE_USER) values (244,121,2,'No',null,null,sysdate,'admin');
Insert into MITKC_QNR_QUESTION_OPTION (QUESTION_OPTION_ID,QUESTION_ID,OPTION_NUMBER,OPTION_LABEL,REQUIRE_EXPLANATION,EXPLANTION_LABEL,UPDATE_TIMESTAMP,UPDATE_USER) values (245,122,1,'Yes',null,null,sysdate,'admin');
Insert into MITKC_QNR_QUESTION_OPTION (QUESTION_OPTION_ID,QUESTION_ID,OPTION_NUMBER,OPTION_LABEL,REQUIRE_EXPLANATION,EXPLANTION_LABEL,UPDATE_TIMESTAMP,UPDATE_USER) values (246,122,2,'No',null,null,sysdate,'admin');
Insert into MITKC_QNR_QUESTION_OPTION (QUESTION_OPTION_ID,QUESTION_ID,OPTION_NUMBER,OPTION_LABEL,REQUIRE_EXPLANATION,EXPLANTION_LABEL,UPDATE_TIMESTAMP,UPDATE_USER) values (247,123,1,'Yes',null,null,sysdate,'admin');
Insert into MITKC_QNR_QUESTION_OPTION (QUESTION_OPTION_ID,QUESTION_ID,OPTION_NUMBER,OPTION_LABEL,REQUIRE_EXPLANATION,EXPLANTION_LABEL,UPDATE_TIMESTAMP,UPDATE_USER) values (248,123,2,'No',null,null,sysdate,'admin');
Insert into MITKC_QNR_QUESTION_OPTION (QUESTION_OPTION_ID,QUESTION_ID,OPTION_NUMBER,OPTION_LABEL,REQUIRE_EXPLANATION,EXPLANTION_LABEL,UPDATE_TIMESTAMP,UPDATE_USER) values (249,124,1,'Yes',null,null,sysdate,'admin');
Insert into MITKC_QNR_QUESTION_OPTION (QUESTION_OPTION_ID,QUESTION_ID,OPTION_NUMBER,OPTION_LABEL,REQUIRE_EXPLANATION,EXPLANTION_LABEL,UPDATE_TIMESTAMP,UPDATE_USER) values (250,124,2,'No',null,null,sysdate,'admin');
Insert into MITKC_QNR_QUESTION_OPTION (QUESTION_OPTION_ID,QUESTION_ID,OPTION_NUMBER,OPTION_LABEL,REQUIRE_EXPLANATION,EXPLANTION_LABEL,UPDATE_TIMESTAMP,UPDATE_USER) values (251,125,1,'Yes',null,null,sysdate,'admin');
Insert into MITKC_QNR_QUESTION_OPTION (QUESTION_OPTION_ID,QUESTION_ID,OPTION_NUMBER,OPTION_LABEL,REQUIRE_EXPLANATION,EXPLANTION_LABEL,UPDATE_TIMESTAMP,UPDATE_USER) values (252,125,2,'No',null,null,sysdate,'admin');
Insert into MITKC_QNR_QUESTION_OPTION (QUESTION_OPTION_ID,QUESTION_ID,OPTION_NUMBER,OPTION_LABEL,REQUIRE_EXPLANATION,EXPLANTION_LABEL,UPDATE_TIMESTAMP,UPDATE_USER) values (253,126,1,'Yes',null,null,sysdate,'admin');
Insert into MITKC_QNR_QUESTION_OPTION (QUESTION_OPTION_ID,QUESTION_ID,OPTION_NUMBER,OPTION_LABEL,REQUIRE_EXPLANATION,EXPLANTION_LABEL,UPDATE_TIMESTAMP,UPDATE_USER) values (256,127,2,'No',null,null,sysdate,'admin');
Insert into MITKC_QNR_QUESTION_OPTION (QUESTION_OPTION_ID,QUESTION_ID,OPTION_NUMBER,OPTION_LABEL,REQUIRE_EXPLANATION,EXPLANTION_LABEL,UPDATE_TIMESTAMP,UPDATE_USER) values (254,126,1,'No',null,null,sysdate,'admin');
Insert into MITKC_QNR_QUESTION_OPTION (QUESTION_OPTION_ID,QUESTION_ID,OPTION_NUMBER,OPTION_LABEL,REQUIRE_EXPLANATION,EXPLANTION_LABEL,UPDATE_TIMESTAMP,UPDATE_USER) values (255,127,1,'Yes',null,null,sysdate,'admin');
Insert into MITKC_QNR_QUESTION_OPTION (QUESTION_OPTION_ID,QUESTION_ID,OPTION_NUMBER,OPTION_LABEL,REQUIRE_EXPLANATION,EXPLANTION_LABEL,UPDATE_TIMESTAMP,UPDATE_USER) values (257,128,1,'Yes',null,null,sysdate,'admin');
Insert into MITKC_QNR_QUESTION_OPTION (QUESTION_OPTION_ID,QUESTION_ID,OPTION_NUMBER,OPTION_LABEL,REQUIRE_EXPLANATION,EXPLANTION_LABEL,UPDATE_TIMESTAMP,UPDATE_USER) values (258,128,2,'No',null,null,sysdate,'admin');
Insert into MITKC_QNR_QUESTION_OPTION (QUESTION_OPTION_ID,QUESTION_ID,OPTION_NUMBER,OPTION_LABEL,REQUIRE_EXPLANATION,EXPLANTION_LABEL,UPDATE_TIMESTAMP,UPDATE_USER) values (259,129,1,'Yes',null,null,sysdate,'admin');
Insert into MITKC_QNR_QUESTION_OPTION (QUESTION_OPTION_ID,QUESTION_ID,OPTION_NUMBER,OPTION_LABEL,REQUIRE_EXPLANATION,EXPLANTION_LABEL,UPDATE_TIMESTAMP,UPDATE_USER) values (260,129,2,'No',null,null,sysdate,'admin');
Insert into MITKC_QNR_QUESTION_OPTION (QUESTION_OPTION_ID,QUESTION_ID,OPTION_NUMBER,OPTION_LABEL,REQUIRE_EXPLANATION,EXPLANTION_LABEL,UPDATE_TIMESTAMP,UPDATE_USER) values (261,130,1,'Yes',null,null,sysdate,'admin');
Insert into MITKC_QNR_QUESTION_OPTION (QUESTION_OPTION_ID,QUESTION_ID,OPTION_NUMBER,OPTION_LABEL,REQUIRE_EXPLANATION,EXPLANTION_LABEL,UPDATE_TIMESTAMP,UPDATE_USER) values (262,130,2,'No',null,null,sysdate,'admin');
Insert into MITKC_QNR_QUESTION_OPTION (QUESTION_OPTION_ID,QUESTION_ID,OPTION_NUMBER,OPTION_LABEL,REQUIRE_EXPLANATION,EXPLANTION_LABEL,UPDATE_TIMESTAMP,UPDATE_USER) values (263,131,1,'Yes',null,null,sysdate,'admin');
Insert into MITKC_QNR_QUESTION_OPTION (QUESTION_OPTION_ID,QUESTION_ID,OPTION_NUMBER,OPTION_LABEL,REQUIRE_EXPLANATION,EXPLANTION_LABEL,UPDATE_TIMESTAMP,UPDATE_USER) values (264,131,2,'No',null,null,sysdate,'admin');
Insert into MITKC_QNR_QUESTION_OPTION (QUESTION_OPTION_ID,QUESTION_ID,OPTION_NUMBER,OPTION_LABEL,REQUIRE_EXPLANATION,EXPLANTION_LABEL,UPDATE_TIMESTAMP,UPDATE_USER) values (265,132,1,'Yes',null,null,sysdate,'admin');
Insert into MITKC_QNR_QUESTION_OPTION (QUESTION_OPTION_ID,QUESTION_ID,OPTION_NUMBER,OPTION_LABEL,REQUIRE_EXPLANATION,EXPLANTION_LABEL,UPDATE_TIMESTAMP,UPDATE_USER) values (266,132,2,'No',null,null,sysdate,'admin');
Insert into MITKC_QNR_QUESTION_OPTION (QUESTION_OPTION_ID,QUESTION_ID,OPTION_NUMBER,OPTION_LABEL,REQUIRE_EXPLANATION,EXPLANTION_LABEL,UPDATE_TIMESTAMP,UPDATE_USER) values (267,133,1,'Yes',null,null,sysdate,'admin');
Insert into MITKC_QNR_QUESTION_OPTION (QUESTION_OPTION_ID,QUESTION_ID,OPTION_NUMBER,OPTION_LABEL,REQUIRE_EXPLANATION,EXPLANTION_LABEL,UPDATE_TIMESTAMP,UPDATE_USER) values (268,133,2,'No',null,null,sysdate,'admin');
Insert into MITKC_QNR_QUESTION_OPTION (QUESTION_OPTION_ID,QUESTION_ID,OPTION_NUMBER,OPTION_LABEL,REQUIRE_EXPLANATION,EXPLANTION_LABEL,UPDATE_TIMESTAMP,UPDATE_USER) values (269,134,1,'Yes',null,null,sysdate,'admin');
Insert into MITKC_QNR_QUESTION_OPTION (QUESTION_OPTION_ID,QUESTION_ID,OPTION_NUMBER,OPTION_LABEL,REQUIRE_EXPLANATION,EXPLANTION_LABEL,UPDATE_TIMESTAMP,UPDATE_USER) values (270,134,2,'No',null,null,sysdate,'admin');
Insert into MITKC_QNR_QUESTION_OPTION (QUESTION_OPTION_ID,QUESTION_ID,OPTION_NUMBER,OPTION_LABEL,REQUIRE_EXPLANATION,EXPLANTION_LABEL,UPDATE_TIMESTAMP,UPDATE_USER) values (271,135,1,'Yes',null,null,sysdate,'admin');
Insert into MITKC_QNR_QUESTION_OPTION (QUESTION_OPTION_ID,QUESTION_ID,OPTION_NUMBER,OPTION_LABEL,REQUIRE_EXPLANATION,EXPLANTION_LABEL,UPDATE_TIMESTAMP,UPDATE_USER) values (272,135,2,'No',null,null,sysdate,'admin');
Insert into MITKC_QNR_QUESTION_OPTION (QUESTION_OPTION_ID,QUESTION_ID,OPTION_NUMBER,OPTION_LABEL,REQUIRE_EXPLANATION,EXPLANTION_LABEL,UPDATE_TIMESTAMP,UPDATE_USER) values (273,136,1,'Yes',null,null,sysdate,'admin');
Insert into MITKC_QNR_QUESTION_OPTION (QUESTION_OPTION_ID,QUESTION_ID,OPTION_NUMBER,OPTION_LABEL,REQUIRE_EXPLANATION,EXPLANTION_LABEL,UPDATE_TIMESTAMP,UPDATE_USER) values (274,136,2,'No',null,null,sysdate,'admin');
Insert into MITKC_QNR_QUESTION_OPTION (QUESTION_OPTION_ID,QUESTION_ID,OPTION_NUMBER,OPTION_LABEL,REQUIRE_EXPLANATION,EXPLANTION_LABEL,UPDATE_TIMESTAMP,UPDATE_USER) values (275,137,1,'Yes',null,null,sysdate,'admin');
Insert into MITKC_QNR_QUESTION_OPTION (QUESTION_OPTION_ID,QUESTION_ID,OPTION_NUMBER,OPTION_LABEL,REQUIRE_EXPLANATION,EXPLANTION_LABEL,UPDATE_TIMESTAMP,UPDATE_USER) values (276,137,2,'No',null,null,sysdate,'admin');
Insert into MITKC_QNR_QUESTION_OPTION (QUESTION_OPTION_ID,QUESTION_ID,OPTION_NUMBER,OPTION_LABEL,REQUIRE_EXPLANATION,EXPLANTION_LABEL,UPDATE_TIMESTAMP,UPDATE_USER) values (277,138,1,'Yes',null,null,sysdate,'admin');
Insert into MITKC_QNR_QUESTION_OPTION (QUESTION_OPTION_ID,QUESTION_ID,OPTION_NUMBER,OPTION_LABEL,REQUIRE_EXPLANATION,EXPLANTION_LABEL,UPDATE_TIMESTAMP,UPDATE_USER) values (278,138,2,'No',null,null,sysdate,'admin');
Insert into MITKC_QNR_QUESTION_OPTION (QUESTION_OPTION_ID,QUESTION_ID,OPTION_NUMBER,OPTION_LABEL,REQUIRE_EXPLANATION,EXPLANTION_LABEL,UPDATE_TIMESTAMP,UPDATE_USER) values (279,139,1,'Yes',null,null,sysdate,'admin');
Insert into MITKC_QNR_QUESTION_OPTION (QUESTION_OPTION_ID,QUESTION_ID,OPTION_NUMBER,OPTION_LABEL,REQUIRE_EXPLANATION,EXPLANTION_LABEL,UPDATE_TIMESTAMP,UPDATE_USER) values (280,139,2,'No',null,null,sysdate,'admin');


commit;


Insert into MITKC_QNR_QUESTION_CONDITION (QUESTION_CONDITION_ID,QUESTION_ID,CONDITION_TYPE,CONDITION_VALUE,GROUP_NAME,UPDATE_TIMESTAMP,UPDATE_USER) values (160,112,'EQUALS','Yes','G1',sysdate,'Admin');
Insert into MITKC_QNR_QUESTION_CONDITION (QUESTION_CONDITION_ID,QUESTION_ID,CONDITION_TYPE,CONDITION_VALUE,GROUP_NAME,UPDATE_TIMESTAMP,UPDATE_USER) values (161,113,'EQUALS','Yes','G2',sysdate,'Admin');
Insert into MITKC_QNR_QUESTION_CONDITION (QUESTION_CONDITION_ID,QUESTION_ID,CONDITION_TYPE,CONDITION_VALUE,GROUP_NAME,UPDATE_TIMESTAMP,UPDATE_USER) values (162,114,'EQUALS','Yes','G3',sysdate,'Admin');
Insert into MITKC_QNR_QUESTION_CONDITION (QUESTION_CONDITION_ID,QUESTION_ID,CONDITION_TYPE,CONDITION_VALUE,GROUP_NAME,UPDATE_TIMESTAMP,UPDATE_USER) values (163,114,'EQUALS','No','G4',sysdate,'Admin');
Insert into MITKC_QNR_QUESTION_CONDITION (QUESTION_CONDITION_ID,QUESTION_ID,CONDITION_TYPE,CONDITION_VALUE,GROUP_NAME,UPDATE_TIMESTAMP,UPDATE_USER) values (164,115,'EQUALS','Yes','G4',sysdate,'Admin');
Insert into MITKC_QNR_QUESTION_CONDITION (QUESTION_CONDITION_ID,QUESTION_ID,CONDITION_TYPE,CONDITION_VALUE,GROUP_NAME,UPDATE_TIMESTAMP,UPDATE_USER) values (165,116,'EQUALS','No','G5',sysdate,'Admin');
Insert into MITKC_QNR_QUESTION_CONDITION (QUESTION_CONDITION_ID,QUESTION_ID,CONDITION_TYPE,CONDITION_VALUE,GROUP_NAME,UPDATE_TIMESTAMP,UPDATE_USER) values (166,117,'EQUALS','Yes','G6',sysdate,'Admin');
Insert into MITKC_QNR_QUESTION_CONDITION (QUESTION_CONDITION_ID,QUESTION_ID,CONDITION_TYPE,CONDITION_VALUE,GROUP_NAME,UPDATE_TIMESTAMP,UPDATE_USER) values (167,117,'EQUALS','No','G7',sysdate,'Admin');
Insert into MITKC_QNR_QUESTION_CONDITION (QUESTION_CONDITION_ID,QUESTION_ID,CONDITION_TYPE,CONDITION_VALUE,GROUP_NAME,UPDATE_TIMESTAMP,UPDATE_USER) values (168,118,'EQUALS','Yes','G8',sysdate,'Admin');
Insert into MITKC_QNR_QUESTION_CONDITION (QUESTION_CONDITION_ID,QUESTION_ID,CONDITION_TYPE,CONDITION_VALUE,GROUP_NAME,UPDATE_TIMESTAMP,UPDATE_USER) values (169,118,'EQUALS','No','G9',sysdate,'Admin');
Insert into MITKC_QNR_QUESTION_CONDITION (QUESTION_CONDITION_ID,QUESTION_ID,CONDITION_TYPE,CONDITION_VALUE,GROUP_NAME,UPDATE_TIMESTAMP,UPDATE_USER) values (170,119,'EQUALS','No','G10',sysdate,'Admin');
Insert into MITKC_QNR_QUESTION_CONDITION (QUESTION_CONDITION_ID,QUESTION_ID,CONDITION_TYPE,CONDITION_VALUE,GROUP_NAME,UPDATE_TIMESTAMP,UPDATE_USER) values (171,121,'EQUALS','Yes','G11',sysdate,'Admin');
Insert into MITKC_QNR_QUESTION_CONDITION (QUESTION_CONDITION_ID,QUESTION_ID,CONDITION_TYPE,CONDITION_VALUE,GROUP_NAME,UPDATE_TIMESTAMP,UPDATE_USER) values (172,122,'EQUALS','No','G12',sysdate,'Admin');
Insert into MITKC_QNR_QUESTION_CONDITION (QUESTION_CONDITION_ID,QUESTION_ID,CONDITION_TYPE,CONDITION_VALUE,GROUP_NAME,UPDATE_TIMESTAMP,UPDATE_USER) values (173,124,'EQUALS','Yes','G13',sysdate,'Admin');
Insert into MITKC_QNR_QUESTION_CONDITION (QUESTION_CONDITION_ID,QUESTION_ID,CONDITION_TYPE,CONDITION_VALUE,GROUP_NAME,UPDATE_TIMESTAMP,UPDATE_USER) values (174,124,'EQUALS','No','G14',sysdate,'Admin');
Insert into MITKC_QNR_QUESTION_CONDITION (QUESTION_CONDITION_ID,QUESTION_ID,CONDITION_TYPE,CONDITION_VALUE,GROUP_NAME,UPDATE_TIMESTAMP,UPDATE_USER) values (175,125,'EQUALS','Yes','G15',sysdate,'Admin');
Insert into MITKC_QNR_QUESTION_CONDITION (QUESTION_CONDITION_ID,QUESTION_ID,CONDITION_TYPE,CONDITION_VALUE,GROUP_NAME,UPDATE_TIMESTAMP,UPDATE_USER) values (176,126,'EQUALS','Yes','G16',sysdate,'Admin');
Insert into MITKC_QNR_QUESTION_CONDITION (QUESTION_CONDITION_ID,QUESTION_ID,CONDITION_TYPE,CONDITION_VALUE,GROUP_NAME,UPDATE_TIMESTAMP,UPDATE_USER) values (177,126,'EQUALS','No','G17',sysdate,'Admin');
Insert into MITKC_QNR_QUESTION_CONDITION (QUESTION_CONDITION_ID,QUESTION_ID,CONDITION_TYPE,CONDITION_VALUE,GROUP_NAME,UPDATE_TIMESTAMP,UPDATE_USER) values (178,127,'EQUALS','No','G18',sysdate,'Admin');
Insert into MITKC_QNR_QUESTION_CONDITION (QUESTION_CONDITION_ID,QUESTION_ID,CONDITION_TYPE,CONDITION_VALUE,GROUP_NAME,UPDATE_TIMESTAMP,UPDATE_USER) values (179,129,'EQUALS','Yes','G19',sysdate,'Admin');
Insert into MITKC_QNR_QUESTION_CONDITION (QUESTION_CONDITION_ID,QUESTION_ID,CONDITION_TYPE,CONDITION_VALUE,GROUP_NAME,UPDATE_TIMESTAMP,UPDATE_USER) values (180,130,'EQUALS','No','G20',sysdate,'Admin');
Insert into MITKC_QNR_QUESTION_CONDITION (QUESTION_CONDITION_ID,QUESTION_ID,CONDITION_TYPE,CONDITION_VALUE,GROUP_NAME,UPDATE_TIMESTAMP,UPDATE_USER) values (181,132,'EQUALS','Yes','G21',sysdate,'Admin');
Insert into MITKC_QNR_QUESTION_CONDITION (QUESTION_CONDITION_ID,QUESTION_ID,CONDITION_TYPE,CONDITION_VALUE,GROUP_NAME,UPDATE_TIMESTAMP,UPDATE_USER) values (182,132,'EQUALS','No','G22',sysdate,'Admin');
Insert into MITKC_QNR_QUESTION_CONDITION (QUESTION_CONDITION_ID,QUESTION_ID,CONDITION_TYPE,CONDITION_VALUE,GROUP_NAME,UPDATE_TIMESTAMP,UPDATE_USER) values (183,133,'EQUALS','No','G23',sysdate,'Admin');
Insert into MITKC_QNR_QUESTION_CONDITION (QUESTION_CONDITION_ID,QUESTION_ID,CONDITION_TYPE,CONDITION_VALUE,GROUP_NAME,UPDATE_TIMESTAMP,UPDATE_USER) values (184,134,'EQUALS','No','G24',sysdate,'Admin');
Insert into MITKC_QNR_QUESTION_CONDITION (QUESTION_CONDITION_ID,QUESTION_ID,CONDITION_TYPE,CONDITION_VALUE,GROUP_NAME,UPDATE_TIMESTAMP,UPDATE_USER) values (185,136,'EQUALS','Yes','G25',sysdate,'Admin');
Insert into MITKC_QNR_QUESTION_CONDITION (QUESTION_CONDITION_ID,QUESTION_ID,CONDITION_TYPE,CONDITION_VALUE,GROUP_NAME,UPDATE_TIMESTAMP,UPDATE_USER) values (186,136,'EQUALS','No','G26',sysdate,'Admin');
Insert into MITKC_QNR_QUESTION_CONDITION (QUESTION_CONDITION_ID,QUESTION_ID,CONDITION_TYPE,CONDITION_VALUE,GROUP_NAME,UPDATE_TIMESTAMP,UPDATE_USER) values (187,137,'EQUALS','Yes','G27',sysdate,'Admin');


commit;
/